id,intent,category,egy_annot,notes
ch-001,,,,
ch-002,,,,
ch-003,,,,
ch-004,,,,
ch-005,,,,
ch-006,,,,
ch-007,,,,
ch-008,,,,
ch-009,,,,
ch-010,,,,
ch-011,,,,
ch-012,,,,
ch-013,,,,
ch-014,,,,
ch-015,,,,
ch-016,,,,
ch-017,,,,
ch-018,,,,
ch-019,,,,
ch-020,,,,
ch-021,,,,
ch-022,,,,
ch-023,,,,
ch-024,,,,
ch-025,,,,
ch-026,,,,
ch-027,,,,
ch-028,,,,
ch-029,,,,
ch-030,,,,
ch-031,,,,
ch-032,,,,
ch-033,,,,
ch-034,,,,
ch-035,,,,
ch-036,,,,
ch-037,,,,
ch-038,,,,
ch-039,,,,
ch-040,,,,
ch-041,,,,
ch-042,,,,
ch-043,,,,
ch-044,,,,
ch-045,,,,
ch-046,,,,
ch-047,,,,
ch-048,,,,
ch-049,,,,
ch-050,,,,
